{
  "project_info": {
    "project_number": "184030932785",
    "project_id": "apphospital-3a6b1",
    "storage_bucket": "apphospital-3a6b1.appspot.com"
  },
  "client": [
    {
      "client_info": {
        "mobilesdk_app_id": "1:184030932785:android:6cd54c11855421fab04a10",
        "android_client_info": {
          "package_name": "br.com.zonaazul.pi4_apphospital"
        }
      },
      "oauth_client": [
        {
          "client_id": "184030932785-etp79cngik274ckmedtj55ohtjlfk89v.apps.googleusercontent.com",
          "client_type": 3
        }
      ],
      "api_key": [
        {
          "current_key": "AIzaSyAjXA5eN9MAFdeLp2RRWXbF61PFYuTpT44"
        }
      ],
      "services": {
        "appinvite_service": {
          "other_platform_oauth_client": [
            {
              "client_id": "184030932785-etp79cngik274ckmedtj55ohtjlfk89v.apps.googleusercontent.com",
              "client_type": 3
            }
          ]
        }
      }
    }
  ],
  "configuration_version": "1"
}